Nome,Quantidade de Episódios,Data de lançamento,Nota,Mais informações
Fullmetal Alchemist: Brotherhood,64.0,2009,9.16,https://myanimelist.net/anime/5114/Fullmetal_Alchemist__Brotherhood
Gintama°,51.0,2015,9.09,https://myanimelist.net/anime/28977/Gintama°
Shingeki no Kyojin Season 3 Part 2,10.0,2019,9.09,https://myanimelist.net/anime/38524/Shingeki_no_Kyojin_Season_3_Part_2
Steins;Gate,24.0,2011,9.09,https://myanimelist.net/anime/9253/Steins_Gate
Fruits Basket: The Final,13.0,2021,9.07,https://myanimelist.net/anime/42938/Fruits_Basket__The_Final
Gintama',51.0,2011,9.06,https://myanimelist.net/anime/9969/Gintama
Hunter x Hunter (2011),148.0,2011,9.06,https://myanimelist.net/anime/11061/Hunter_x_Hunter_2011
Ginga Eiyuu Densetsu,110.0,1988,9.04,https://myanimelist.net/anime/820/Ginga_Eiyuu_Densetsu
Gintama': Enchousen,13.0,2012,9.04,https://myanimelist.net/anime/15417/Gintama__Enchousen
Gintama: The Final,1.0,2021,9.0,https://myanimelist.net/anime/39486/Gintama__The_Final
Gintama.,12.0,2017,8.98,https://myanimelist.net/anime/34096/Gintama
3-gatsu no Lion 2nd Season,22.0,2017,8.97,https://myanimelist.net/anime/35180/3-gatsu_no_Lion_2nd_Season
Koe no Katachi,1.0,2016,8.97,https://myanimelist.net/anime/28851/Koe_no_Katachi
Clannad: After Story,24.0,2008,8.95,https://myanimelist.net/anime/4181/Clannad__After_Story
Gintama,201.0,2006,8.95,https://myanimelist.net/anime/918/Gintama
Gintama Movie 2: Kanketsu-hen - Yorozuya yo Eien Nare,1.0,2013,8.94,https://myanimelist.net/anime/15335/Gintama_Movie_2__Kanketsu-hen_-_Yorozuya_yo_Eien_Nare
Violet Evergarden Movie,1.0,2020,8.94,https://myanimelist.net/anime/37987/Violet_Evergarden_Movie
Owarimonogatari 2nd Season,7.0,2017,8.91,https://myanimelist.net/anime/35247/Owarimonogatari_2nd_Season
Shingeki no Kyojin: The Final Season,16.0,2020,8.91,https://myanimelist.net/anime/40028/Shingeki_no_Kyojin__The_Final_Season
Code Geass: Hangyaku no Lelouch R2,25.0,2008,8.91,https://myanimelist.net/anime/2904/Code_Geass__Hangyaku_no_Lelouch_R2
Kimi no Na wa.,1.0,2016,8.89,https://myanimelist.net/anime/32281/Kimi_no_Na_wa
Gintama.: Shirogane no Tamashii-hen - Kouhan-sen,14.0,2018,8.88,https://myanimelist.net/anime/37491/Gintama__Shirogane_no_Tamashii-hen_-_Kouhan-sen
Shiguang Dailiren,11.0,2021,8.86,https://myanimelist.net/anime/44074/Shiguang_Dailiren
Mob Psycho 100 II,13.0,2019,8.82,https://myanimelist.net/anime/37510/Mob_Psycho_100_II
Gintama.: Shirogane no Tamashii-hen,12.0,2018,8.82,https://myanimelist.net/anime/36838/Gintama__Shirogane_no_Tamashii-hen
Haikyuu!!: Karasuno Koukou vs. Shiratorizawa Gakuen Koukou,10.0,2016,8.81,https://myanimelist.net/anime/32935/Haikyuu__Karasuno_Koukou_vs_Shiratorizawa_Gakuen_Koukou
Kizumonogatari III: Reiketsu-hen,1.0,2017,8.81,https://myanimelist.net/anime/31758/Kizumonogatari_III__Reiketsu-hen
Monster,74.0,2004,8.8,https://myanimelist.net/anime/19/Monster
Odd Taxi,13.0,2021,8.79,https://myanimelist.net/anime/46102/Odd_Taxi
Sen to Chihiro no Kamikakushi,1.0,2001,8.79,https://myanimelist.net/anime/199/Sen_to_Chihiro_no_Kamikakushi
Monogatari Series: Second Season,26.0,2013,8.78,https://myanimelist.net/anime/17074/Monogatari_Series__Second_Season
Ousama Ranking,23.0,2021,8.78,https://myanimelist.net/anime/40834/Ousama_Ranking
Cowboy Bebop,26.0,1998,8.77,https://myanimelist.net/anime/1/Cowboy_Bebop
Kingdom 3rd Season,26.0,2020,8.77,https://myanimelist.net/anime/40682/Kingdom_3rd_Season
Shouwa Genroku Rakugo Shinjuu: Sukeroku Futatabi-hen,12.0,2017,8.76,https://myanimelist.net/anime/33095/Shouwa_Genroku_Rakugo_Shinjuu__Sukeroku_Futatabi-hen
Mo Dao Zu Shi: Wanjie Pian,12.0,2021,8.75,https://myanimelist.net/anime/40434/Mo_Dao_Zu_Shi__Wanjie_Pian
Mushishi Zoku Shou 2nd Season,10.0,2014,8.75,https://myanimelist.net/anime/24701/Mushishi_Zoku_Shou_2nd_Season
Fate/stay night Movie: Heaven's Feel - III. Spring Song,1.0,2020,8.75,https://myanimelist.net/anime/33050/Fate_stay_night_Movie__Heavens_Feel_-_III_Spring_Song
Hajime no Ippo,75.0,2000,8.74,https://myanimelist.net/anime/263/Hajime_no_Ippo
Jujutsu Kaisen (TV),24.0,2020,8.73,https://myanimelist.net/anime/40748/Jujutsu_Kaisen_TV
Vinland Saga,24.0,2019,8.73,https://myanimelist.net/anime/37521/Vinland_Saga
Rurouni Kenshin: Meiji Kenkaku Romantan - Tsuioku-hen,4.0,1999,8.72,https://myanimelist.net/anime/44/Rurouni_Kenshin__Meiji_Kenkaku_Romantan_-_Tsuioku-hen
Mushishi Zoku Shou,10.0,2014,8.71,https://myanimelist.net/anime/21939/Mushishi_Zoku_Shou
Code Geass: Hangyaku no Lelouch,25.0,2006,8.71,https://myanimelist.net/anime/1575/Code_Geass__Hangyaku_no_Lelouch
Kimetsu no Yaiba Movie: Mugen Ressha-hen,1.0,2020,8.71,https://myanimelist.net/anime/40456/Kimetsu_no_Yaiba_Movie__Mugen_Ressha-hen
Made in Abyss,13.0,2017,8.7,https://myanimelist.net/anime/34599/Made_in_Abyss
Made in Abyss Movie 3: Fukaki Tamashii no Reimei,1.0,2020,8.7,https://myanimelist.net/anime/36862/Made_in_Abyss_Movie_3__Fukaki_Tamashii_no_Reimei
Ashita no Joe 2,47.0,1980,8.69,https://myanimelist.net/anime/2921/Ashita_no_Joe_2
Evangelion: 3.0+1.0 Thrice Upon a Time,1.0,2021,8.69,https://myanimelist.net/anime/3786/Evangelion__30_10_Thrice_Upon_a_Time
Great Teacher Onizuka,43.0,1999,8.69,https://myanimelist.net/anime/245/Great_Teacher_Onizuka
Mononoke Hime,1.0,1997,8.69,https://myanimelist.net/anime/164/Mononoke_Hime
Shigatsu wa Kimi no Uso,22.0,2014,8.69,https://myanimelist.net/anime/23273/Shigatsu_wa_Kimi_no_Uso
Mushishi,26.0,2005,8.68,https://myanimelist.net/anime/457/Mushishi
Haikyuu!! Second Season,25.0,2015,8.67,https://myanimelist.net/anime/28891/Haikyuu_Second_Season
Hajime no Ippo: New Challenger,26.0,2009,8.66,https://myanimelist.net/anime/5258/Hajime_no_Ippo__New_Challenger
Howl no Ugoku Shiro,1.0,2004,8.66,https://myanimelist.net/anime/431/Howl_no_Ugoku_Shiro
Kaguya-sama wa Kokurasetai?: Tensai-tachi no Renai Zunousen,12.0,2020,8.66,https://myanimelist.net/anime/40591/Kaguya-sama_wa_Kokurasetai__Tensai-tachi_no_Renai_Zunousen
Natsume Yuujinchou Shi,13.0,2012,8.66,https://myanimelist.net/anime/11665/Natsume_Yuujinchou_Shi
Violet Evergarden,13.0,2018,8.66,https://myanimelist.net/anime/33352/Violet_Evergarden
Mushoku Tensei: Isekai Ittara Honki Dasu Part 2,12.0,2021,8.65,https://myanimelist.net/anime/45576/Mushoku_Tensei__Isekai_Ittara_Honki_Dasu_Part_2
86 Part 2,12.0,2021,8.65,https://myanimelist.net/anime/48569/86_Part_2
Natsume Yuujinchou Roku,11.0,2017,8.64,https://myanimelist.net/anime/34591/Natsume_Yuujinchou_Roku
Seishun Buta Yarou wa Yumemiru Shoujo no Yume wo Minai,1.0,2019,8.64,https://myanimelist.net/anime/38329/Seishun_Buta_Yarou_wa_Yumemiru_Shoujo_no_Yume_wo_Minai
Tengen Toppa Gurren Lagann,27.0,2007,8.64,https://myanimelist.net/anime/2001/Tengen_Toppa_Gurren_Lagann
Suzumiya Haruhi no Shoushitsu,1.0,2010,8.63,https://myanimelist.net/anime/7311/Suzumiya_Haruhi_no_Shoushitsu
Death Note,37.0,2006,8.63,https://myanimelist.net/anime/1535/Death_Note
Ping Pong the Animation,11.0,2014,8.62,https://myanimelist.net/anime/22135/Ping_Pong_the_Animation
Shingeki no Kyojin Season 3,12.0,2018,8.62,https://myanimelist.net/anime/35760/Shingeki_no_Kyojin_Season_3
Mushishi Zoku Shou: Suzu no Shizuku,1.0,2015,8.61,https://myanimelist.net/anime/28957/Mushishi_Zoku_Shou__Suzu_no_Shizuku
Ookami Kodomo no Ame to Yuki,1.0,2012,8.61,https://myanimelist.net/anime/12355/Ookami_Kodomo_no_Ame_to_Yuki
One Piece,,1999,8.6,https://myanimelist.net/anime/21/One_Piece
Kizumonogatari II: Nekketsu-hen,1.0,2016,8.6,https://myanimelist.net/anime/31757/Kizumonogatari_II__Nekketsu-hen
JoJo no Kimyou na Bouken Part 5: Ougon no Kaze,39.0,2018,8.59,https://myanimelist.net/anime/37991/JoJo_no_Kimyou_na_Bouken_Part_5__Ougon_no_Kaze
Shouwa Genroku Rakugo Shinjuu,13.0,2016,8.59,https://myanimelist.net/anime/28735/Shouwa_Genroku_Rakugo_Shinjuu
Yojouhan Shinwa Taikei,11.0,2010,8.59,https://myanimelist.net/anime/7785/Yojouhan_Shinwa_Taikei
Natsume Yuujinchou Go,11.0,2016,8.58,https://myanimelist.net/anime/32983/Natsume_Yuujinchou_Go
Natsume Yuujinchou San,13.0,2011,8.58,https://myanimelist.net/anime/10379/Natsume_Yuujinchou_San
Yakusoku no Neverland,12.0,2019,8.58,https://myanimelist.net/anime/37779/Yakusoku_no_Neverland
Fate/Zero 2nd Season,12.0,2012,8.58,https://myanimelist.net/anime/11741/Fate_Zero_2nd_Season
Fruits Basket 2nd Season,25.0,2020,8.58,https://myanimelist.net/anime/40417/Fruits_Basket_2nd_Season
Hajime no Ippo: Rising,25.0,2013,8.58,https://myanimelist.net/anime/19647/Hajime_no_Ippo__Rising
Kimi no Suizou wo Tabetai,1.0,2018,8.58,https://myanimelist.net/anime/36098/Kimi_no_Suizou_wo_Tabetai
Kimetsu no Yaiba,26.0,2019,8.57,https://myanimelist.net/anime/38000/Kimetsu_no_Yaiba
Tengen Toppa Gurren Lagann Movie 2: Lagann-hen,1.0,2009,8.57,https://myanimelist.net/anime/4565/Tengen_Toppa_Gurren_Lagann_Movie_2__Lagann-hen
Mushishi: Hihamukage,1.0,2014,8.56,https://myanimelist.net/anime/21329/Mushishi__Hihamukage
Zoku Natsume Yuujinchou,13.0,2009,8.56,https://myanimelist.net/anime/5300/Zoku_Natsume_Yuujinchou
Bakuman. 3rd Season,25.0,2012,8.56,https://myanimelist.net/anime/12365/Bakuman_3rd_Season
Fate/stay night Movie: Heaven's Feel - II. Lost Butterfly,1.0,2019,8.56,https://myanimelist.net/anime/33049/Fate_stay_night_Movie__Heavens_Feel_-_II_Lost_Butterfly
Kara no Kyoukai 5: Mujun Rasen,1.0,2008,8.55,https://myanimelist.net/anime/4282/Kara_no_Kyoukai_5__Mujun_Rasen
Sora yori mo Tooi Basho,13.0,2018,8.55,https://myanimelist.net/anime/35839/Sora_yori_mo_Tooi_Basho
Neon Genesis Evangelion: The End of Evangelion,1.0,1997,8.54,https://myanimelist.net/anime/32/Neon_Genesis_Evangelion__The_End_of_Evangelion
Yuru Camp△ Season 2,13.0,2021,8.54,https://myanimelist.net/anime/38474/Yuru_Camp△_Season_2
Haikyuu!!: To the Top 2nd Season,12.0,2020,8.54,https://myanimelist.net/anime/40776/Haikyuu__To_the_Top_2nd_Season
Josee to Tora to Sakana-tachi,1.0,2020,8.54,https://myanimelist.net/anime/40787/Josee_to_Tora_to_Sakana-tachi
Gintama.: Porori-hen,13.0,2017,8.53,https://myanimelist.net/anime/35843/Gintama__Porori-hen
Koukaku Kidoutai: Stand Alone Complex 2nd GIG,26.0,2004,8.53,https://myanimelist.net/anime/801/Koukaku_Kidoutai__Stand_Alone_Complex_2nd_GIG
Re:Zero kara Hajimeru Isekai Seikatsu 2nd Season Part 2,12.0,2021,8.53,https://myanimelist.net/anime/42203/Re_Zero_kara_Hajimeru_Isekai_Seikatsu_2nd_Season_Part_2
Slam Dunk,101.0,1993,8.53,https://myanimelist.net/anime/170/Slam_Dunk
One Punch Man,12.0,2015,8.52,https://myanimelist.net/anime/30276/One_Punch_Man
Shingeki no Kyojin,25.0,2013,8.52,https://myanimelist.net/anime/16498/Shingeki_no_Kyojin
Ansatsu Kyoushitsu 2nd Season,25.0,2016,8.52,https://myanimelist.net/anime/30654/Ansatsu_Kyoushitsu_2nd_Season
Gintama Movie 1: Shinyaku Benizakura-hen,1.0,2010,8.52,https://myanimelist.net/anime/7472/Gintama_Movie_1__Shinyaku_Benizakura-hen
Aria the Origination,13.0,2008,8.51,https://myanimelist.net/anime/3297/Aria_the_Origination
Banana Fish,24.0,2018,8.51,https://myanimelist.net/anime/36649/Banana_Fish
Kenpuu Denki Berserk,25.0,1997,8.51,https://myanimelist.net/anime/33/Kenpuu_Denki_Berserk
Perfect Blue,1.0,1998,8.51,https://myanimelist.net/anime/437/Perfect_Blue
Steins;Gate 0,23.0,2018,8.51,https://myanimelist.net/anime/30484/Steins_Gate_0
Tian Guan Ci Fu Special,1.0,2021,8.51,https://myanimelist.net/anime/44070/Tian_Guan_Ci_Fu_Special
Uchuu Kyoudai,99.0,2012,8.51,https://myanimelist.net/anime/12431/Uchuu_Kyoudai
Nana,47.0,2006,8.5,https://myanimelist.net/anime/877/Nana
Rainbow: Nisha Rokubou no Shichinin,26.0,2010,8.5,https://myanimelist.net/anime/6114/Rainbow__Nisha_Rokubou_no_Shichinin
Samurai Champloo,26.0,2004,8.5,https://myanimelist.net/anime/205/Samurai_Champloo
Vivy: Fluorite Eye's Song,13.0,2021,8.5,https://myanimelist.net/anime/46095/Vivy__Fluorite_Eyes_Song
Hotaru no Haka,1.0,1988,8.5,https://myanimelist.net/anime/578/Hotaru_no_Haka
JoJo no Kimyou na Bouken Part 4: Diamond wa Kudakenai,39.0,2016,8.5,https://myanimelist.net/anime/31933/JoJo_no_Kimyou_na_Bouken_Part_4__Diamond_wa_Kudakenai
Chihayafuru 3,24.0,2019,8.49,https://myanimelist.net/anime/37379/Chihayafuru_3
Gintama: The Semi-Final,2.0,2021,8.49,https://myanimelist.net/anime/44087/Gintama__The_Semi-Final
Kono Subarashii Sekai ni Shukufuku wo! Movie: Kurenai Densetsu,1.0,2019,8.49,https://myanimelist.net/anime/38040/Kono_Subarashii_Sekai_ni_Shukufuku_wo_Movie__Kurenai_Densetsu
Shingeki no Kyojin Season 2,12.0,2017,8.49,https://myanimelist.net/anime/25777/Shingeki_no_Kyojin_Season_2
Mo Dao Zu Shi,15.0,2018,8.48,https://myanimelist.net/anime/37208/Mo_Dao_Zu_Shi
Mob Psycho 100,12.0,2016,8.48,https://myanimelist.net/anime/32182/Mob_Psycho_100
Zoku Owarimonogatari,6.0,2018,8.48,https://myanimelist.net/anime/36999/Zoku_Owarimonogatari
Saenai Heroine no Sodatekata Fine,1.0,2019,8.47,https://myanimelist.net/anime/36885/Saenai_Heroine_no_Sodatekata_Fine
Steins;Gate Movie: Fuka Ryouiki no Déjà vu,1.0,2013,8.47,https://myanimelist.net/anime/11577/Steins_Gate_Movie__Fuka_Ryouiki_no_Déjà_vu
Haikyuu!!,25.0,2014,8.47,https://myanimelist.net/anime/20583/Haikyuu
Kobayashi-san Chi no Maid Dragon S,12.0,2021,8.47,https://myanimelist.net/anime/39247/Kobayashi-san_Chi_no_Maid_Dragon_S
Holo no Graffiti,,2019,8.46,https://myanimelist.net/anime/44042/Holo_no_Graffiti
Mahou Shoujo Madoka★Magica Movie 3: Hangyaku no Monogatari,1.0,2013,8.46,https://myanimelist.net/anime/11981/Mahou_Shoujo_Madoka★Magica_Movie_3__Hangyaku_no_Monogatari
Nichijou,26.0,2011,8.46,https://myanimelist.net/anime/10165/Nichijou
Owarimonogatari,12.0,2015,8.46,https://myanimelist.net/anime/31181/Owarimonogatari
Mo Dao Zu Shi: Xian Yun Pian,8.0,2019,8.45,https://myanimelist.net/anime/38450/Mo_Dao_Zu_Shi__Xian_Yun_Pian
Mushishi Zoku Shou: Odoro no Michi,1.0,2014,8.45,https://myanimelist.net/anime/24687/Mushishi_Zoku_Shou__Odoro_no_Michi
Yuu☆Yuu☆Hakusho,112.0,1992,8.45,https://myanimelist.net/anime/392/Yuu☆Yuu☆Hakusho
Fumetsu no Anata e,20.0,2021,8.45,https://myanimelist.net/anime/41025/Fumetsu_no_Anata_e
Golden Kamuy 3rd Season,12.0,2020,8.45,https://myanimelist.net/anime/40059/Golden_Kamuy_3rd_Season
Gintama: Yorinuki Gintama-san on Theater 2D,2.0,2012,8.44,https://myanimelist.net/anime/21899/Gintama__Yorinuki_Gintama-san_on_Theater_2D
Kimetsu no Yaiba: Mugen Ressha-hen,7.0,2021,8.44,https://myanimelist.net/anime/49926/Kimetsu_no_Yaiba__Mugen_Ressha-hen
Mononoke,12.0,2007,8.44,https://myanimelist.net/anime/2246/Mononoke
Saiki Kusuo no Ψ-nan 2,24.0,2018,8.44,https://myanimelist.net/anime/34612/Saiki_Kusuo_no_Ψ-nan_2
Saiki Kusuo no Ψ-nan,120.0,2016,8.43,https://myanimelist.net/anime/33255/Saiki_Kusuo_no_Ψ-nan
Sayonara no Asa ni Yakusoku no Hana wo Kazarou,1.0,2018,8.43,https://myanimelist.net/anime/35851/Sayonara_no_Asa_ni_Yakusoku_no_Hana_wo_Kazarou
Wu Liuqi Zhi Xuanwu Guo Pian,10.0,2021,8.43,https://myanimelist.net/anime/45556/Wu_Liuqi_Zhi_Xuanwu_Guo_Pian
JoJo no Kimyou na Bouken Part 3: Stardust Crusaders 2nd Season,24.0,2015,8.43,https://myanimelist.net/anime/26055/JoJo_no_Kimyou_na_Bouken_Part_3__Stardust_Crusaders_2nd_Season
Koukaku Kidoutai: Stand Alone Complex,26.0,2002,8.43,https://myanimelist.net/anime/467/Koukaku_Kidoutai__Stand_Alone_Complex
Grand Blue,12.0,2018,8.42,https://myanimelist.net/anime/37105/Grand_Blue
Kara no Kyoukai 7: Satsujin Kousatsu (Go),1.0,2009,8.42,https://myanimelist.net/anime/5205/Kara_no_Kyoukai_7__Satsujin_Kousatsu_Go
Kaze ga Tsuyoku Fuiteiru,23.0,2018,8.42,https://myanimelist.net/anime/37965/Kaze_ga_Tsuyoku_Fuiteiru
Kono Oto Tomare! 2nd Season,13.0,2019,8.42,https://myanimelist.net/anime/38889/Kono_Oto_Tomare_2nd_Season
Major S5,25.0,2009,8.42,https://myanimelist.net/anime/5028/Major_S5
Natsume Yuujinchou Movie: Utsusemi ni Musubu,1.0,2018,8.42,https://myanimelist.net/anime/36538/Natsume_Yuujinchou_Movie__Utsusemi_ni_Musubu
Non Non Biyori Nonstop,12.0,2021,8.41,https://myanimelist.net/anime/39808/Non_Non_Biyori_Nonstop
Re:Zero kara Hajimeru Isekai Seikatsu 2nd Season,13.0,2020,8.41,https://myanimelist.net/anime/39587/Re_Zero_kara_Hajimeru_Isekai_Seikatsu_2nd_Season
Shingeki no Kyojin: Kuinaki Sentaku,2.0,2014,8.41,https://myanimelist.net/anime/25781/Shingeki_no_Kyojin__Kuinaki_Sentaku
Tensei shitara Slime Datta Ken 2nd Season,12.0,2021,8.41,https://myanimelist.net/anime/39551/Tensei_shitara_Slime_Datta_Ken_2nd_Season
3-gatsu no Lion,22.0,2016,8.41,https://myanimelist.net/anime/31646/3-gatsu_no_Lion
Gintama°: Aizome Kaori-hen,2.0,2016,8.41,https://myanimelist.net/anime/32366/Gintama°__Aizome_Kaori-hen
Barakamon,12.0,2014,8.4,https://myanimelist.net/anime/22789/Barakamon
Chihayafuru 2,25.0,2013,8.4,https://myanimelist.net/anime/14397/Chihayafuru_2
Cross Game,50.0,2009,8.4,https://myanimelist.net/anime/5941/Cross_Game
Houseki no Kuni (TV),12.0,2017,8.4,https://myanimelist.net/anime/35557/Houseki_no_Kuni_TV
Hunter x Hunter,62.0,1999,8.4,https://myanimelist.net/anime/136/Hunter_x_Hunter
Kaguya-sama wa Kokurasetai: Tensai-tachi no Renai Zunousen,12.0,2019,8.4,https://myanimelist.net/anime/37999/Kaguya-sama_wa_Kokurasetai__Tensai-tachi_no_Renai_Zunousen
Natsume Yuujinchou Roku Specials,2.0,2017,8.4,https://myanimelist.net/anime/36275/Natsume_Yuujinchou_Roku_Specials
Usagi Drop,11.0,2011,8.4,https://myanimelist.net/anime/10162/Usagi_Drop
Violet Evergarden Gaiden: Eien to Jidou Shuki Ningyou,1.0,2019,8.4,https://myanimelist.net/anime/39741/Violet_Evergarden_Gaiden__Eien_to_Jidou_Shuki_Ningyou
Yahari Ore no Seishun Love Comedy wa Machigatteiru. Kan,12.0,2020,8.4,https://myanimelist.net/anime/39547/Yahari_Ore_no_Seishun_Love_Comedy_wa_Machigatteiru_Kan
Baccano!,13.0,2007,8.39,https://myanimelist.net/anime/2251/Baccano
Kizumonogatari I: Tekketsu-hen,1.0,2016,8.39,https://myanimelist.net/anime/9260/Kizumonogatari_I__Tekketsu-hen
"Komi-san wa, Comyushou desu.",,2021,8.39,https://myanimelist.net/anime/48926/Komi-san_wa_Comyushou_desu
Cowboy Bebop: Tengoku no Tobira,1.0,2001,8.38,https://myanimelist.net/anime/5/Cowboy_Bebop__Tengoku_no_Tobira
Gotcha!,,2020,8.38,https://myanimelist.net/anime/42984/Gotcha
Kamisama Hajimemashita: Kako-hen,4.0,2015,8.38,https://myanimelist.net/anime/30709/Kamisama_Hajimemashita__Kako-hen
Kaze no Tani no Nausicaä,1.0,1984,8.38,https://myanimelist.net/anime/572/Kaze_no_Tani_no_Nausicaä
Mahou Shoujo Madoka★Magica Movie 2: Eien no Monogatari,1.0,2012,8.38,https://myanimelist.net/anime/11979/Mahou_Shoujo_Madoka★Magica_Movie_2__Eien_no_Monogatari
Tian Guan Ci Fu,11.0,2020,8.38,https://myanimelist.net/anime/40730/Tian_Guan_Ci_Fu
Bakuman. 2nd Season,25.0,2011,8.37,https://myanimelist.net/anime/10030/Bakuman_2nd_Season
Hellsing Ultimate,10.0,2006,8.37,https://myanimelist.net/anime/777/Hellsing_Ultimate
Ano Hi Mita Hana no Namae wo Bokutachi wa Mada Shiranai.,11.0,2011,8.36,https://myanimelist.net/anime/9989/Ano_Hi_Mita_Hana_no_Namae_wo_Bokutachi_wa_Mada_Shiranai
Kingdom 2nd Season,39.0,2013,8.36,https://myanimelist.net/anime/17389/Kingdom_2nd_Season
Kiseijuu: Sei no Kakuritsu,24.0,2014,8.36,https://myanimelist.net/anime/22535/Kiseijuu__Sei_no_Kakuritsu
Mahou Shoujo Madoka★Magica,12.0,2011,8.36,https://myanimelist.net/anime/9756/Mahou_Shoujo_Madoka★Magica
Mushoku Tensei: Isekai Ittara Honki Dasu,11.0,2021,8.36,https://myanimelist.net/anime/39535/Mushoku_Tensei__Isekai_Ittara_Honki_Dasu
Psycho-Pass,22.0,2012,8.36,https://myanimelist.net/anime/13601/Psycho-Pass
Uchuu Senkan Yamato 2199,26.0,2012,8.35,https://myanimelist.net/anime/12029/Uchuu_Senkan_Yamato_2199
Bakemonogatari,15.0,2009,8.35,https://myanimelist.net/anime/5081/Bakemonogatari
Douluo Dalu: Xiaowu Juebie,13.0,2020,8.35,https://myanimelist.net/anime/42498/Douluo_Dalu__Xiaowu_Juebie
Gintama: Shiroyasha Koutan,1.0,2008,8.35,https://myanimelist.net/anime/6945/Gintama__Shiroyasha_Koutan
Given,11.0,2019,8.35,https://myanimelist.net/anime/39533/Given
Haikyuu!!: To the Top,13.0,2020,8.35,https://myanimelist.net/anime/38883/Haikyuu__To_the_Top
Major S6,25.0,2010,8.35,https://myanimelist.net/anime/7655/Major_S6
K-On! Movie,1.0,2011,8.34,https://myanimelist.net/anime/9617/K-On_Movie
Katanagatari,12.0,2010,8.34,https://myanimelist.net/anime/6594/Katanagatari
Kemono no Souja Erin,50.0,2009,8.34,https://myanimelist.net/anime/5420/Kemono_no_Souja_Erin
Made in Abyss Movie 2: Hourou Suru Tasogare,1.0,2019,8.34,https://myanimelist.net/anime/37515/Made_in_Abyss_Movie_2__Hourou_Suru_Tasogare
Mobile Suit Gundam: The Origin,6.0,2015,8.34,https://myanimelist.net/anime/10937/Mobile_Suit_Gundam__The_Origin
Natsume Yuujinchou: Itsuka Yuki no Hi ni,1.0,2014,8.34,https://myanimelist.net/anime/20651/Natsume_Yuujinchou__Itsuka_Yuki_no_Hi_ni
One Outs,25.0,2008,8.34,https://myanimelist.net/anime/5040/One_Outs
Ookami to Koushinryou II,12.0,2009,8.34,https://myanimelist.net/anime/5341/Ookami_to_Koushinryou_II
Romeo no Aoi Sora,33.0,1995,8.34,https://myanimelist.net/anime/2559/Romeo_no_Aoi_Sora
Sakamichi no Apollon,12.0,2012,8.34,https://myanimelist.net/anime/12531/Sakamichi_no_Apollon
Tenki no Ko,1.0,2019,8.34,https://myanimelist.net/anime/38826/Tenki_no_Ko
Versailles no Bara,40.0,1979,8.34,https://myanimelist.net/anime/338/Versailles_no_Bara
Natsume Yuujinchou Go Specials,2.0,2017,8.33,https://myanimelist.net/anime/34534/Natsume_Yuujinchou_Go_Specials
Neon Genesis Evangelion,26.0,1995,8.33,https://myanimelist.net/anime/30/Neon_Genesis_Evangelion
Boku dake ga Inai Machi,12.0,2016,8.33,https://myanimelist.net/anime/31043/Boku_dake_ga_Inai_Machi
Evangelion: 2.0 You Can (Not) Advance,1.0,2009,8.33,https://myanimelist.net/anime/3784/Evangelion__20_You_Can_Not_Advance
Fate/stay night: Unlimited Blade Works 2nd Season,13.0,2015,8.33,https://myanimelist.net/anime/28701/Fate_stay_night__Unlimited_Blade_Works_2nd_Season
Hotarubi no Mori e,1.0,2011,8.33,https://myanimelist.net/anime/10408/Hotarubi_no_Mori_e
Doukyuusei (Movie),1.0,2016,8.32,https://myanimelist.net/anime/30346/Doukyuusei_Movie
Hunter x Hunter: Original Video Animation,8.0,2002,8.32,https://myanimelist.net/anime/137/Hunter_x_Hunter__Original_Video_Animation
Major: World Series,2.0,2011,8.32,https://myanimelist.net/anime/11917/Major__World_Series
Natsume Yuujinchou,13.0,2008,8.32,https://myanimelist.net/anime/4081/Natsume_Yuujinchou
NHK ni Youkoso!,24.0,2006,8.32,https://myanimelist.net/anime/1210/NHK_ni_Youkoso
Shelter (Music),,2016,8.32,https://myanimelist.net/anime/34240/Shelter_Music
Shinsekai yori,25.0,2012,8.32,https://myanimelist.net/anime/13125/Shinsekai_yori
Shirobako,24.0,2014,8.32,https://myanimelist.net/anime/25835/Shirobako
Yoru Ni Kakeru,,2019,8.32,https://myanimelist.net/anime/48653/Yoru_Ni_Kakeru
Seishun Buta Yarou wa Bunny Girl Senpai no Yume wo Minai,13.0,2018,8.31,https://myanimelist.net/anime/37450/Seishun_Buta_Yarou_wa_Bunny_Girl_Senpai_no_Yume_wo_Minai
Steins;Gate: Oukoubakko no Poriomania,1.0,2012,8.31,https://myanimelist.net/anime/10863/Steins_Gate__Oukoubakko_no_Poriomania
Tensei shitara Slime Datta Ken 2nd Season Part 2,12.0,2021,8.31,https://myanimelist.net/anime/41487/Tensei_shitara_Slime_Datta_Ken_2nd_Season_Part_2
"Violet Evergarden: Kitto ""Ai"" wo Shiru Hi ga Kuru no Darou",1.0,2018,8.31,https://myanimelist.net/anime/37095/Violet_Evergarden__Kitto_Ai_wo_Shiru_Hi_ga_Kuru_no_Darou
Dr. Stone,24.0,2019,8.31,https://myanimelist.net/anime/38691/Dr_Stone
Fate/Zero,13.0,2011,8.31,https://myanimelist.net/anime/10087/Fate_Zero
Kino no Tabi: The Beautiful World,13.0,2003,8.31,https://myanimelist.net/anime/486/Kino_no_Tabi__The_Beautiful_World
Kuroko no Basket 3rd Season,25.0,2015,8.31,https://myanimelist.net/anime/24415/Kuroko_no_Basket_3rd_Season
Beck,26.0,2004,8.3,https://myanimelist.net/anime/57/Beck
Detective Conan Movie 06: The Phantom of Baker Street,1.0,2002,8.3,https://myanimelist.net/anime/1365/Detective_Conan_Movie_06__The_Phantom_of_Baker_Street
Diamond no Ace: Second Season,51.0,2015,8.3,https://myanimelist.net/anime/30230/Diamond_no_Ace__Second_Season
Great Pretender,23.0,2020,8.3,https://myanimelist.net/anime/40052/Great_Pretender
Hibike! Euphonium 2,13.0,2016,8.3,https://myanimelist.net/anime/31988/Hibike_Euphonium_2
Initial D First Stage,26.0,1998,8.3,https://myanimelist.net/anime/185/Initial_D_First_Stage
Kawaki wo Ameku,,2019,8.3,https://myanimelist.net/anime/39112/Kawaki_wo_Ameku
Luo Xiao Hei Zhan Ji (Movie),1.0,2019,8.3,https://myanimelist.net/anime/40211/Luo_Xiao_Hei_Zhan_Ji_Movie
Nodame Cantabile,23.0,2007,8.3,https://myanimelist.net/anime/1698/Nodame_Cantabile
Rurouni Kenshin: Meiji Kenkaku Romantan,94.0,1996,8.3,https://myanimelist.net/anime/45/Rurouni_Kenshin__Meiji_Kenkaku_Romantan
Tsubasa: Tokyo Revelations,3.0,2007,8.3,https://myanimelist.net/anime/2685/Tsubasa__Tokyo_Revelations
Redline,1.0,2009,8.29,https://myanimelist.net/anime/6675/Redline
Stranger: Mukou Hadan,1.0,2007,8.29,https://myanimelist.net/anime/2418/Stranger__Mukou_Hadan
Ashita no Joe,79.0,1970,8.29,https://myanimelist.net/anime/2402/Ashita_no_Joe
Bakemono no Ko,1.0,2015,8.29,https://myanimelist.net/anime/28805/Bakemono_no_Ko
Kono Subarashii Sekai ni Shukufuku wo! 2,10.0,2017,8.29,https://myanimelist.net/anime/32937/Kono_Subarashii_Sekai_ni_Shukufuku_wo_2
Douluo Dalu: Xingdou Xian Ji Pian,13.0,2020,8.28,https://myanimelist.net/anime/42977/Douluo_Dalu__Xingdou_Xian_Ji_Pian
Gin no Saji 2nd Season,11.0,2014,8.28,https://myanimelist.net/anime/19363/Gin_no_Saji_2nd_Season
Gintama: Shinyaku Benizakura-hen,1.0,2010,8.28,https://myanimelist.net/anime/9735/Gintama__Shinyaku_Benizakura-hen
Gyakkyou Burai Kaiji: Ultimate Survivor,26.0,2007,8.28,https://myanimelist.net/anime/3002/Gyakkyou_Burai_Kaiji__Ultimate_Survivor
Koukaku Kidoutai,1.0,1995,8.28,https://myanimelist.net/anime/43/Koukaku_Kidoutai
Planetes,26.0,2003,8.28,https://myanimelist.net/anime/329/Planetes
Tenkuu no Shiro Laputa,1.0,1986,8.28,https://myanimelist.net/anime/513/Tenkuu_no_Shiro_Laputa
Tokyo Godfathers,1.0,2003,8.28,https://myanimelist.net/anime/759/Tokyo_Godfathers
Tokyo Revengers,24.0,2021,8.28,https://myanimelist.net/anime/42249/Tokyo_Revengers
Quanzhi Gaoshou Specials,3.0,2018,8.27,https://myanimelist.net/anime/37078/Quanzhi_Gaoshou_Specials
Tonari no Totoro,1.0,1988,8.27,https://myanimelist.net/anime/523/Tonari_no_Totoro
Wu Liuqi Zhi Zui Qiang Fa Xing Shi,10.0,2019,8.27,https://myanimelist.net/anime/40784/Wu_Liuqi_Zhi_Zui_Qiang_Fa_Xing_Shi
Yuru Camp△,12.0,2018,8.27,https://myanimelist.net/anime/34798/Yuru_Camp△
Hajime no Ippo: Champion Road,1.0,2003,8.27,https://myanimelist.net/anime/264/Hajime_no_Ippo__Champion_Road
Hunter x Hunter: Greed Island Final,14.0,2004,8.27,https://myanimelist.net/anime/139/Hunter_x_Hunter__Greed_Island_Final
Re:Zero kara Hajimeru Isekai Seikatsu,25.0,2016,8.26,https://myanimelist.net/anime/31240/Re_Zero_kara_Hajimeru_Isekai_Seikatsu
Sennen Joyuu,1.0,2002,8.26,https://myanimelist.net/anime/1033/Sennen_Joyuu
Space☆Dandy 2nd Season,13.0,2014,8.26,https://myanimelist.net/anime/23327/Space☆Dandy_2nd_Season
No Game No Life: Zero,1.0,2017,8.25,https://myanimelist.net/anime/33674/No_Game_No_Life__Zero
Nodame Cantabile: Finale,11.0,2010,8.25,https://myanimelist.net/anime/5690/Nodame_Cantabile__Finale
Non Non Biyori Movie: Vacation,1.0,2018,8.25,https://myanimelist.net/anime/36990/Non_Non_Biyori_Movie__Vacation
Ookami to Koushinryou,13.0,2008,8.25,https://myanimelist.net/anime/2966/Ookami_to_Koushinryou
Stand By Me Doraemon 2,1.0,2020,8.25,https://myanimelist.net/anime/40853/Stand_By_Me_Doraemon_2
Youjo Senki Movie,1.0,2019,8.25,https://myanimelist.net/anime/37055/Youjo_Senki_Movie
Danshi Koukousei no Nichijou,12.0,2012,8.25,https://myanimelist.net/anime/11843/Danshi_Koukousei_no_Nichijou
Douluo Dalu: Haishen Zhi Guang,13.0,2021,8.25,https://myanimelist.net/anime/48631/Douluo_Dalu__Haishen_Zhi_Guang
Douluo Dalu: Hanhai Qian Kun,13.0,2020,8.25,https://myanimelist.net/anime/44189/Douluo_Dalu__Hanhai_Qian_Kun
Gyakkyou Burai Kaiji: Hakairoku-hen,26.0,2011,8.25,https://myanimelist.net/anime/10271/Gyakkyou_Burai_Kaiji__Hakairoku-hen
IDOLiSH7: Third Beat!,13.0,2021,8.25,https://myanimelist.net/anime/45577/IDOLiSH7__Third_Beat
Initial D Final Stage,4.0,2014,8.25,https://myanimelist.net/anime/22507/Initial_D_Final_Stage
Kuroshitsuji Movie: Book of the Atlantic,1.0,2017,8.25,https://myanimelist.net/anime/31812/Kuroshitsuji_Movie__Book_of_the_Atlantic
Major S3,26.0,2007,8.25,https://myanimelist.net/anime/1842/Major_S3
Detective Conan: Episode One - The Great Detective Turned Small,1.0,2016,8.24,https://myanimelist.net/anime/34036/Detective_Conan__Episode_One_-_The_Great_Detective_Turned_Small
Diamond no Ace: Act II,52.0,2019,8.24,https://myanimelist.net/anime/38731/Diamond_no_Ace__Act_II
Hachimitsu to Clover II,12.0,2006,8.24,https://myanimelist.net/anime/1142/Hachimitsu_to_Clover_II
Kuroko no Basket 2nd Season,25.0,2013,8.24,https://myanimelist.net/anime/16894/Kuroko_no_Basket_2nd_Season
Magi: The Kingdom of Magic,25.0,2013,8.24,https://myanimelist.net/anime/18115/Magi__The_Kingdom_of_Magic
Major S1,26.0,2004,8.24,https://myanimelist.net/anime/627/Major_S1
Steins;Gate: Kyoukaimenjou no Missing Link - Divide By Zero,1.0,2015,8.24,https://myanimelist.net/anime/32188/Steins_Gate__Kyoukaimenjou_no_Missing_Link_-_Divide_By_Zero
Yahari Ore no Seishun Love Comedy wa Machigatteiru. Zoku,13.0,2015,8.24,https://myanimelist.net/anime/23847/Yahari_Ore_no_Seishun_Love_Comedy_wa_Machigatteiru_Zoku
Mobile Suit Gundam: Iron-Blooded Orphans 2nd Season,25.0,2016,8.23,https://myanimelist.net/anime/33051/Mobile_Suit_Gundam__Iron-Blooded_Orphans_2nd_Season
One Piece Movie 14: Stampede,1.0,2019,8.23,https://myanimelist.net/anime/38234/One_Piece_Movie_14__Stampede
SKET Dance,77.0,2011,8.23,https://myanimelist.net/anime/9863/SKET_Dance
xxxHOLiC Kei,13.0,2008,8.23,https://myanimelist.net/anime/3091/xxxHOLiC_Kei
Hajime no Ippo: Mashiba vs. Kimura,1.0,2003,8.23,https://myanimelist.net/anime/265/Hajime_no_Ippo__Mashiba_vs_Kimura
Mahou Shoujo Madoka★Magica Movie 1: Hajimari no Monogatari,1.0,2012,8.23,https://myanimelist.net/anime/11977/Mahou_Shoujo_Madoka★Magica_Movie_1__Hajimari_no_Monogatari
Detective Conan Movie 13: The Raven Chaser,1.0,2009,8.22,https://myanimelist.net/anime/5460/Detective_Conan_Movie_13__The_Raven_Chaser
Dororo,24.0,2019,8.22,https://myanimelist.net/anime/37520/Dororo
Fate/stay night Movie: Heaven's Feel - I. Presage Flower,1.0,2017,8.22,https://myanimelist.net/anime/25537/Fate_stay_night_Movie__Heavens_Feel_-_I_Presage_Flower
Fruits Basket 1st Season,25.0,2019,8.22,https://myanimelist.net/anime/38680/Fruits_Basket_1st_Season
Ginga Eiyuu Densetsu: Die Neue These - Seiran 3,4.0,2019,8.22,https://myanimelist.net/anime/36371/Ginga_Eiyuu_Densetsu__Die_Neue_These_-_Seiran_3
Golden Kamuy 2nd Season,12.0,2018,8.22,https://myanimelist.net/anime/37989/Golden_Kamuy_2nd_Season
Kono Sekai no Katasumi ni,1.0,2016,8.22,https://myanimelist.net/anime/15227/Kono_Sekai_no_Katasumi_ni
Majo no Takkyuubin,1.0,1989,8.22,https://myanimelist.net/anime/512/Majo_no_Takkyuubin
Major S2,26.0,2005,8.22,https://myanimelist.net/anime/558/Major_S2
Major S4,26.0,2008,8.22,https://myanimelist.net/anime/3226/Major_S4
Mimi wo Sumaseba,1.0,1995,8.22,https://myanimelist.net/anime/585/Mimi_wo_Sumaseba
Naruto: Shippuuden,500.0,2007,8.22,https://myanimelist.net/anime/1735/Naruto__Shippuuden
Trigun,26.0,1998,8.22,https://myanimelist.net/anime/6/Trigun
Yuukoku no Moriarty 2nd Season,13.0,2021,8.22,https://myanimelist.net/anime/43325/Yuukoku_no_Moriarty_2nd_Season
Nomad: Megalo Box 2,13.0,2021,8.21,https://myanimelist.net/anime/40729/Nomad__Megalo_Box_2
ReLIFE: Kanketsu-hen,4.0,2018,8.21,https://myanimelist.net/anime/35466/ReLIFE__Kanketsu-hen
Saiki Kusuo no Ψ-nan: Kanketsu-hen,1.0,2018,8.21,https://myanimelist.net/anime/38249/Saiki_Kusuo_no_Ψ-nan__Kanketsu-hen
Shokugeki no Souma,24.0,2015,8.21,https://myanimelist.net/anime/28171/Shokugeki_no_Souma
Toaru Kagaku no Railgun T,25.0,2020,8.21,https://myanimelist.net/anime/38481/Toaru_Kagaku_no_Railgun_T
xxxHOLiC Rou,2.0,2010,8.21,https://myanimelist.net/anime/6864/xxxHOLiC_Rou
Yoru wa Mijikashi Arukeyo Otome,1.0,2017,8.21,https://myanimelist.net/anime/34537/Yoru_wa_Mijikashi_Arukeyo_Otome
Bakuman.,25.0,2010,8.21,https://myanimelist.net/anime/7674/Bakuman
Boku no Hero Academia 2nd Season,25.0,2017,8.21,https://myanimelist.net/anime/33486/Boku_no_Hero_Academia_2nd_Season
Chihayafuru,25.0,2011,8.21,https://myanimelist.net/anime/10800/Chihayafuru
Douluo Dalu: Qian Hua Xi Jin,13.0,2020,8.21,https://myanimelist.net/anime/42497/Douluo_Dalu__Qian_Hua_Xi_Jin
Horimiya,13.0,2021,8.21,https://myanimelist.net/anime/42897/Horimiya
InuYasha: Kanketsu-hen,26.0,2009,8.21,https://myanimelist.net/anime/6811/InuYasha__Kanketsu-hen
Kaguya-hime no Monogatari,1.0,2013,8.21,https://myanimelist.net/anime/16664/Kaguya-hime_no_Monogatari
Little Busters!: Refrain,13.0,2013,8.21,https://myanimelist.net/anime/18195/Little_Busters__Refrain
86,11.0,2021,8.2,https://myanimelist.net/anime/41457/86
Ballroom e Youkoso,24.0,2017,8.2,https://myanimelist.net/anime/34636/Ballroom_e_Youkoso
Berserk: Ougon Jidai-hen III - Kourin,1.0,2013,8.2,https://myanimelist.net/anime/12115/Berserk__Ougon_Jidai-hen_III_-_Kourin
Bungou Stray Dogs 2nd Season,12.0,2016,8.2,https://myanimelist.net/anime/32867/Bungou_Stray_Dogs_2nd_Season
Bungou Stray Dogs 3rd Season,12.0,2019,8.2,https://myanimelist.net/anime/38003/Bungou_Stray_Dogs_3rd_Season
Cardcaptor Sakura Movie 2: Fuuin Sareta Card,1.0,2000,8.2,https://myanimelist.net/anime/372/Cardcaptor_Sakura_Movie_2__Fuuin_Sareta_Card
Fate/stay night: Unlimited Blade Works,12.0,2014,8.2,https://myanimelist.net/anime/22297/Fate_stay_night__Unlimited_Blade_Works
Girls & Panzer Movie,1.0,2015,8.2,https://myanimelist.net/anime/18617/Girls___Panzer_Movie
Higurashi no Naku Koro ni Kai,24.0,2007,8.2,https://myanimelist.net/anime/1889/Higurashi_no_Naku_Koro_ni_Kai
Liz to Aoi Tori,1.0,2018,8.2,https://myanimelist.net/anime/35677/Liz_to_Aoi_Tori
One Piece: Episode of Merry - Mou Hitori no Nakama no Monogatari,1.0,2013,8.2,https://myanimelist.net/anime/19123/One_Piece__Episode_of_Merry_-_Mou_Hitori_no_Nakama_no_Monogatari
Mo Dao Zu Shi Q,30.0,2020,8.19,https://myanimelist.net/anime/40435/Mo_Dao_Zu_Shi_Q
Non Non Biyori Repeat,12.0,2015,8.19,https://myanimelist.net/anime/23623/Non_Non_Biyori_Repeat
Senki Zesshou Symphogear XV,13.0,2019,8.19,https://myanimelist.net/anime/32843/Senki_Zesshou_Symphogear_XV
Shoujo Shuumatsu Ryokou,12.0,2017,8.19,https://myanimelist.net/anime/35838/Shoujo_Shuumatsu_Ryokou
Asobi Asobase,12.0,2018,8.19,https://myanimelist.net/anime/37171/Asobi_Asobase
Dr. Stone: Stone Wars,11.0,2021,8.19,https://myanimelist.net/anime/40852/Dr_Stone__Stone_Wars
Hunter x Hunter: Greed Island,8.0,2003,8.19,https://myanimelist.net/anime/138/Hunter_x_Hunter__Greed_Island
Maison Ikkoku,96.0,1986,8.19,https://myanimelist.net/anime/1453/Maison_Ikkoku
Aria the Natural,26.0,2006,8.18,https://myanimelist.net/anime/962/Aria_the_Natural
Black Lagoon: The Second Barrage,12.0,2006,8.18,https://myanimelist.net/anime/1519/Black_Lagoon__The_Second_Barrage
Death Parade,12.0,2015,8.18,https://myanimelist.net/anime/28223/Death_Parade
Digimon Adventure: Last Evolution Kizuna,1.0,2020,8.18,https://myanimelist.net/anime/38088/Digimon_Adventure__Last_Evolution_Kizuna
Hinamatsuri (TV),12.0,2018,8.18,https://myanimelist.net/anime/36296/Hinamatsuri_TV
Kamisama Hajimemashita◎,12.0,2015,8.18,https://myanimelist.net/anime/25681/Kamisama_Hajimemashita◎
Kyoukai no Kanata Movie 2: I'll Be Here - Mirai-hen,1.0,2015,8.18,https://myanimelist.net/anime/28675/Kyoukai_no_Kanata_Movie_2__Ill_Be_Here_-_Mirai-hen
Major: Message,1.0,2010,8.18,https://myanimelist.net/anime/9890/Major__Message
Noragami Aragoto,13.0,2015,8.18,https://myanimelist.net/anime/30503/Noragami_Aragoto
Shoujo Kakumei Utena,39.0,1997,8.18,https://myanimelist.net/anime/440/Shoujo_Kakumei_Utena
Ouran Koukou Host Club,26.0,2006,8.17,https://myanimelist.net/anime/853/Ouran_Koukou_Host_Club
Tanoshii Muumin Ikka,78.0,1990,8.17,https://myanimelist.net/anime/2150/Tanoshii_Muumin_Ikka
Working!!!: Lord of the Takanashi,1.0,2016,8.17,https://myanimelist.net/anime/31715/Working__Lord_of_the_Takanashi
Detective Conan Movie 20: The Darkest Nightmare,1.0,2016,8.17,https://myanimelist.net/anime/32005/Detective_Conan_Movie_20__The_Darkest_Nightmare
Akira,1.0,1988,8.16,https://myanimelist.net/anime/47/Akira
Detective Conan,,1996,8.16,https://myanimelist.net/anime/235/Detective_Conan
Douluo Dalu: Jingying Sai,52.0,2018,8.16,https://myanimelist.net/anime/37822/Douluo_Dalu__Jingying_Sai
Gankutsuou,24.0,2004,8.16,https://myanimelist.net/anime/239/Gankutsuou
K-On!!,26.0,2010,8.16,https://myanimelist.net/anime/7791/K-On
Kaiba,12.0,2008,8.16,https://myanimelist.net/anime/3701/Kaiba
Lupin III: Part 5,24.0,2018,8.16,https://myanimelist.net/anime/35857/Lupin_III__Part_5
Nisemonogatari,11.0,2012,8.16,https://myanimelist.net/anime/11597/Nisemonogatari
One Piece Film: Z,1.0,2012,8.16,https://myanimelist.net/anime/12859/One_Piece_Film__Z
Tengen Toppa Gurren Lagann Movie 1: Gurren-hen,1.0,2008,8.16,https://myanimelist.net/anime/4107/Tengen_Toppa_Gurren_Lagann_Movie_1__Gurren-hen
Nodame Cantabile: Paris-hen,11.0,2008,8.15,https://myanimelist.net/anime/4477/Nodame_Cantabile__Paris-hen
Seirei no Moribito,26.0,2007,8.15,https://myanimelist.net/anime/1827/Seirei_no_Moribito
Toki wo Kakeru Shoujo,1.0,2006,8.15,https://myanimelist.net/anime/2236/Toki_wo_Kakeru_Shoujo
World Trigger 3rd Season,,2021,8.15,https://myanimelist.net/anime/44940/World_Trigger_3rd_Season
5-toubun no Hanayome ∬,12.0,2021,8.15,https://myanimelist.net/anime/39783/5-toubun_no_Hanayome_∬
Cardcaptor Sakura,70.0,1998,8.15,https://myanimelist.net/anime/232/Cardcaptor_Sakura
Dragon Ball Z,291.0,1989,8.15,https://myanimelist.net/anime/813/Dragon_Ball_Z
Eizouken ni wa Te wo Dasu na!,12.0,2020,8.15,https://myanimelist.net/anime/39792/Eizouken_ni_wa_Te_wo_Dasu_na
Given Movie,1.0,2020,8.15,https://myanimelist.net/anime/40421/Given_Movie
IDOLiSH7: Second Beat!,15.0,2020,8.15,https://myanimelist.net/anime/37962/IDOLiSH7__Second_Beat
Katekyo Hitman Reborn!,203.0,2006,8.15,https://myanimelist.net/anime/1604/Katekyo_Hitman_Reborn
Lupin III: Cagliostro no Shiro,1.0,1979,8.15,https://myanimelist.net/anime/1430/Lupin_III__Cagliostro_no_Shiro
Mahou Shoujo Lyrical Nanoha: The Movie 2nd A's,1.0,2012,8.15,https://myanimelist.net/anime/10153/Mahou_Shoujo_Lyrical_Nanoha__The_Movie_2nd_As
Boku no Hero Academia 3rd Season,25.0,2018,8.14,https://myanimelist.net/anime/36456/Boku_no_Hero_Academia_3rd_Season
Chuunibyou demo Koi ga Shitai! Movie: Take On Me,1.0,2018,8.14,https://myanimelist.net/anime/35608/Chuunibyou_demo_Koi_ga_Shitai_Movie__Take_On_Me
Douluo Dalu: Chongfan Haotian,13.0,2021,8.14,https://myanimelist.net/anime/49638/Douluo_Dalu__Chongfan_Haotian
Douluo Dalu: Hao Tian Yang Wei,13.0,2019,8.14,https://myanimelist.net/anime/42496/Douluo_Dalu__Hao_Tian_Yang_Wei
Durarara!!,24.0,2010,8.14,https://myanimelist.net/anime/6746/Durarara
Ginga Eiyuu Densetsu Gaiden,24.0,1998,8.14,https://myanimelist.net/anime/3371/Ginga_Eiyuu_Densetsu_Gaiden
Honzuki no Gekokujou: Shisho ni Naru Tame ni wa Shudan wo Erandeiraremasen 2nd Season,12.0,2020,8.14,https://myanimelist.net/anime/40815/Honzuki_no_Gekokujou__Shisho_ni_Naru_Tame_ni_wa_Shudan_wo_Erandeiraremasen_2nd_Season
Initial D Fourth Stage,24.0,2004,8.14,https://myanimelist.net/anime/18/Initial_D_Fourth_Stage
Interstella5555: The 5tory of The 5ecret 5tar 5ystem,,2003,8.14,https://myanimelist.net/anime/731/Interstella5555__The_5tory_of_The_5ecret_5tar_5ystem
Kono Subarashii Sekai ni Shukufuku wo!,10.0,2016,8.14,https://myanimelist.net/anime/30831/Kono_Subarashii_Sekai_ni_Shukufuku_wo
Made in Abyss Movie 1: Tabidachi no Yoake,1.0,2019,8.14,https://myanimelist.net/anime/37514/Made_in_Abyss_Movie_1__Tabidachi_no_Yoake
One Piece Film: Strong World,1.0,2009,8.14,https://myanimelist.net/anime/4155/One_Piece_Film__Strong_World
One Piece: Episode of Nami - Koukaishi no Namida to Nakama no Kizuna,1.0,2012,8.13,https://myanimelist.net/anime/15323/One_Piece__Episode_of_Nami_-_Koukaishi_no_Namida_to_Nakama_no_Kizuna
Quanzhi Gaoshou Zhi Dianfeng Rongyao,1.0,2019,8.14,https://myanimelist.net/anime/40080/Quanzhi_Gaoshou_Zhi_Dianfeng_Rongyao
Sakura-sou no Pet na Kanojo,24.0,2012,8.14,https://myanimelist.net/anime/13759/Sakura-sou_no_Pet_na_Kanojo
Shokugeki no Souma: Ni no Sara,13.0,2016,8.14,https://myanimelist.net/anime/32282/Shokugeki_no_Souma__Ni_no_Sara
Tonikaku Kawaii: SNS,1.0,2021,8.14,https://myanimelist.net/anime/44931/Tonikaku_Kawaii__SNS
Toradora!,25.0,2008,8.14,https://myanimelist.net/anime/4224/Toradora
Mobile Suit Gundam 00,25.0,2007,8.13,https://myanimelist.net/anime/2581/Mobile_Suit_Gundam_00
Mobile Suit Gundam Unicorn,7.0,2010,8.13,https://myanimelist.net/anime/6336/Mobile_Suit_Gundam_Unicorn
No Game No Life,12.0,2014,8.13,https://myanimelist.net/anime/19815/No_Game_No_Life
Detective Conan Movie 14: The Lost Ship in the Sky,1.0,2010,8.13,https://myanimelist.net/anime/6467/Detective_Conan_Movie_14__The_Lost_Ship_in_the_Sky
Detroit Metal City,12.0,2008,8.13,https://myanimelist.net/anime/3702/Detroit_Metal_City
Fullmetal Alchemist,51.0,2003,8.13,https://myanimelist.net/anime/121/Fullmetal_Alchemist
Haikyuu!! Movie 4: Concept no Tatakai,1.0,2017,8.13,https://myanimelist.net/anime/35111/Haikyuu_Movie_4__Concept_no_Tatakai
Initial D Second Stage,13.0,1999,8.13,https://myanimelist.net/anime/186/Initial_D_Second_Stage
Koukaku Kidoutai: Stand Alone Complex - Solid State Society,1.0,2006,8.13,https://myanimelist.net/anime/1566/Koukaku_Kidoutai__Stand_Alone_Complex_-_Solid_State_Society
Baccano! Specials,3.0,2008,8.12,https://myanimelist.net/anime/3901/Baccano_Specials
Detective Conan Movie 05: Countdown to Heaven,1.0,2001,8.12,https://myanimelist.net/anime/1364/Detective_Conan_Movie_05__Countdown_to_Heaven
Dragon Ball Super: Broly,1.0,2018,8.12,https://myanimelist.net/anime/36946/Dragon_Ball_Super__Broly
Gintama°: Umai-mono wa Atomawashi ni Suru to Yokodorisareru kara Yappari Saki ni Kue,1.0,2015,8.12,https://myanimelist.net/anime/32122/Gintama°__Umai-mono_wa_Atomawashi_ni_Suru_to_Yokodorisareru_kara_Yappari_Saki_ni_Kue
"Kamisama Hajimemashita: Kamisama, Shiawase ni Naru",1.0,2016,8.12,https://myanimelist.net/anime/33323/Kamisama_Hajimemashita__Kamisama_Shiawase_ni_Naru
Kanata no Astra,12.0,2019,8.12,https://myanimelist.net/anime/39198/Kanata_no_Astra
Kuragehime,11.0,2010,8.12,https://myanimelist.net/anime/8129/Kuragehime
Mahoutsukai no Yome: Hoshi Matsu Hito,3.0,2016,8.12,https://myanimelist.net/anime/32902/Mahoutsukai_no_Yome__Hoshi_Matsu_Hito
Princess Tutu,38.0,2002,8.12,https://myanimelist.net/anime/721/Princess_Tutu
Tsuki ga Kirei,12.0,2017,8.12,https://myanimelist.net/anime/34822/Tsuki_ga_Kirei
Tsukimonogatari,4.0,2014,8.12,https://myanimelist.net/anime/28025/Tsukimonogatari
Uchouten Kazoku 2,12.0,2017,8.12,https://myanimelist.net/anime/34076/Uchouten_Kazoku_2
Yuukoku no Moriarty,11.0,2020,8.12,https://myanimelist.net/anime/40911/Yuukoku_no_Moriarty
Ramayana: The Legend of Prince Rama,1.0,1992,8.11,https://myanimelist.net/anime/4921/Ramayana__The_Legend_of_Prince_Rama
Saiki Kusuo no Ψ-nan: Ψ-shidou-hen,6.0,2019,8.11,https://myanimelist.net/anime/40542/Saiki_Kusuo_no_Ψ-nan__Ψ-shidou-hen
Tamayura: Sotsugyou Shashin Part 4 - Ashita,1.0,2016,8.11,https://myanimelist.net/anime/29831/Tamayura__Sotsugyou_Shashin_Part_4_-_Ashita
Tensei shitara Slime Datta Ken,24.0,2018,8.11,https://myanimelist.net/anime/37430/Tensei_shitara_Slime_Datta_Ken
Tsubasa: Shunraiki,2.0,2009,8.11,https://myanimelist.net/anime/4938/Tsubasa__Shunraiki
Zankyou no Terror,11.0,2014,8.11,https://myanimelist.net/anime/23283/Zankyou_no_Terror
Ansatsu Kyoushitsu,22.0,2015,8.11,https://myanimelist.net/anime/24833/Ansatsu_Kyoushitsu
Diamond no Ace,75.0,2013,8.11,https://myanimelist.net/anime/18689/Diamond_no_Ace
Ginga Eiyuu Densetsu: Arata Naru Tatakai no Overture,1.0,1993,8.11,https://myanimelist.net/anime/3016/Ginga_Eiyuu_Densetsu__Arata_Naru_Tatakai_no_Overture
Hyouka,22.0,2012,8.11,https://myanimelist.net/anime/12189/Hyouka
Angel Beats!,13.0,2010,8.1,https://myanimelist.net/anime/6547/Angel_Beats
Douluo Dalu: Shan Yu Yu Lai,13.0,2021,8.1,https://myanimelist.net/anime/49063/Douluo_Dalu__Shan_Yu_Yu_Lai
Gin no Saji,11.0,2013,8.1,https://myanimelist.net/anime/16918/Gin_no_Saji
Gintama': Futon ni Haitte kara Buki Nokoshi ni Kizuite Neru ni Nerenai Toki mo Aru,1.0,2015,8.1,https://myanimelist.net/anime/25313/Gintama__Futon_ni_Haitte_kara_Buki_Nokoshi_ni_Kizuite_Neru_ni_Nerenai_Toki_mo_Aru
Hololive Alternative,1.0,2021,8.1,https://myanimelist.net/anime/47904/Hololive_Alternative
Karakai Jouzu no Takagi-san 2,12.0,2019,8.1,https://myanimelist.net/anime/38993/Karakai_Jouzu_no_Takagi-san_2
Kaze Tachinu,1.0,2013,8.1,https://myanimelist.net/anime/16662/Kaze_Tachinu
Kuroko no Basket: Saikou no Present Desu,1.0,2015,8.1,https://myanimelist.net/anime/31051/Kuroko_no_Basket__Saikou_no_Present_Desu
Mairimashita! Iruma-kun 2nd Season,21.0,2021,8.1,https://myanimelist.net/anime/41402/Mairimashita_Iruma-kun_2nd_Season
Mobile Suit Gundam 00 Second Season,25.0,2008,8.1,https://myanimelist.net/anime/3927/Mobile_Suit_Gundam_00_Second_Season
Mobile Suit Gundam: The Origin - Advent of the Red Comet,13.0,2019,8.1,https://myanimelist.net/anime/39592/Mobile_Suit_Gundam__The_Origin_-_Advent_of_the_Red_Comet
Saint Seiya: The Lost Canvas - Meiou Shinwa 2,13.0,2011,8.1,https://myanimelist.net/anime/9130/Saint_Seiya__The_Lost_Canvas_-_Meiou_Shinwa_2
Skip Beat!,25.0,2008,8.1,https://myanimelist.net/anime/4722/Skip_Beat
Mirai Shounen Conan,26.0,1978,8.09,https://myanimelist.net/anime/302/Mirai_Shounen_Conan
Natsume Yuujinchou: Ishi Okoshi to Ayashiki Raihousha,1.0,2021,8.09,https://myanimelist.net/anime/42894/Natsume_Yuujinchou__Ishi_Okoshi_to_Ayashiki_Raihousha
World Trigger 2nd Season,12.0,2021,8.09,https://myanimelist.net/anime/40907/World_Trigger_2nd_Season
Yowamushi Pedal: Grande Road,24.0,2014,8.09,https://myanimelist.net/anime/24277/Yowamushi_Pedal__Grande_Road
Akatsuki no Yona OVA,3.0,2015,8.09,https://myanimelist.net/anime/30370/Akatsuki_no_Yona_OVA
Darker than Black: Kuro no Keiyakusha,25.0,2007,8.09,https://myanimelist.net/anime/2025/Darker_than_Black__Kuro_no_Keiyakusha
Ginga Eiyuu Densetsu: Die Neue These - Seiran 2,4.0,2019,8.09,https://myanimelist.net/anime/36370/Ginga_Eiyuu_Densetsu__Die_Neue_These_-_Seiran_2
Gintama: Nanigoto mo Saiyo ga Kanjin nano de Tasho Senobisuru Kurai ga Choudoyoi,1.0,2005,8.09,https://myanimelist.net/anime/2951/Gintama__Nanigoto_mo_Saiyo_ga_Kanjin_nano_de_Tasho_Senobisuru_Kurai_ga_Choudoyoi
Haikyuu!! Movie 3: Sainou to Sense,1.0,2017,8.09,https://myanimelist.net/anime/35110/Haikyuu_Movie_3__Sainou_to_Sense
Hajime no Ippo: Boxer no Kobushi,1.0,2003,8.09,https://myanimelist.net/anime/12069/Hajime_no_Ippo__Boxer_no_Kobushi
Hikaru no Go,75.0,2001,8.09,https://myanimelist.net/anime/135/Hikaru_no_Go
JoJo no Kimyou na Bouken Part 3: Stardust Crusaders,24.0,2014,8.09,https://myanimelist.net/anime/20899/JoJo_no_Kimyou_na_Bouken_Part_3__Stardust_Crusaders
Koukaku Kidoutai: Stand Alone Complex - The Laughing Man,1.0,2005,8.09,https://myanimelist.net/anime/2449/Koukaku_Kidoutai__Stand_Alone_Complex_-_The_Laughing_Man
Kuroko no Basket,25.0,2012,8.09,https://myanimelist.net/anime/11771/Kuroko_no_Basket
Kuroshitsuji: Book of Circus,10.0,2014,8.09,https://myanimelist.net/anime/22145/Kuroshitsuji__Book_of_Circus
Detective Conan Movie 08: Magician of the Silver Sky,1.0,2004,8.08,https://myanimelist.net/anime/1367/Detective_Conan_Movie_08__Magician_of_the_Silver_Sky
Detective Conan Movie 18: The Sniper from Another Dimension,1.0,2014,8.08,https://myanimelist.net/anime/21419/Detective_Conan_Movie_18__The_Sniper_from_Another_Dimension
Dorohedoro,12.0,2020,8.08,https://myanimelist.net/anime/38668/Dorohedoro
Durarara!!x2 Ketsu,12.0,2016,8.08,https://myanimelist.net/anime/27833/Durararax2_Ketsu
Ginga Eiyuu Densetsu Gaiden (1999),28.0,1999,8.08,https://myanimelist.net/anime/3665/Ginga_Eiyuu_Densetsu_Gaiden_1999
Gosick,24.0,2011,8.08,https://myanimelist.net/anime/8425/Gosick
Hidamari Sketch: Sae Hiro Sotsugyou-hen,2.0,2013,8.08,https://myanimelist.net/anime/17739/Hidamari_Sketch__Sae_Hiro_Sotsugyou-hen
Initial D Fifth Stage,14.0,2012,8.08,https://myanimelist.net/anime/15059/Initial_D_Fifth_Stage
Kuroko no Basket Movie 4: Last Game,1.0,2017,8.08,https://myanimelist.net/anime/31658/Kuroko_no_Basket_Movie_4__Last_Game
Kuroshitsuji: Book of Murder,2.0,2015,8.08,https://myanimelist.net/anime/23317/Kuroshitsuji__Book_of_Murder
Mahoutsukai no Yome,24.0,2017,8.08,https://myanimelist.net/anime/35062/Mahoutsukai_no_Yome
Shijou Saikyou no Deshi Kenichi,50.0,2006,8.08,https://myanimelist.net/anime/1559/Shijou_Saikyou_no_Deshi_Kenichi
Stand By Me Doraemon,1.0,2014,8.08,https://myanimelist.net/anime/21469/Stand_By_Me_Doraemon
Yuusha-Ou GaoGaiGar Final,8.0,2000,8.08,https://myanimelist.net/anime/1382/Yuusha-Ou_GaoGaiGar_Final
Omoide no Marnie,1.0,2014,8.07,https://myanimelist.net/anime/21557/Omoide_no_Marnie
Pui Pui Molcar,12.0,2021,8.07,https://myanimelist.net/anime/44235/Pui_Pui_Molcar
Dennou Coil,26.0,2007,8.07,https://myanimelist.net/anime/2164/Dennou_Coil
Fate/Grand Carnival,4.0,2020,8.07,https://myanimelist.net/anime/44248/Fate_Grand_Carnival
Fate/stay night: Unlimited Blade Works Prologue,1.0,2014,8.07,https://myanimelist.net/anime/27821/Fate_stay_night__Unlimited_Blade_Works_Prologue
Gintama: Dai Hanseikai,1.0,2010,8.07,https://myanimelist.net/anime/10643/Gintama__Dai_Hanseikai
Glass no Kamen (2005),51.0,2005,8.07,https://myanimelist.net/anime/1974/Glass_no_Kamen_2005
Koukyoushihen Eureka Seven,50.0,2005,8.07,https://myanimelist.net/anime/237/Koukyoushihen_Eureka_Seven
Kyou kara Ore wa!!,10.0,1992,8.07,https://myanimelist.net/anime/851/Kyou_kara_Ore_wa
Black Clover,170.0,2017,8.06,https://myanimelist.net/anime/34572/Black_Clover
City Hunter 2,63.0,1988,8.06,https://myanimelist.net/anime/1471/City_Hunter_2
Girls & Panzer: Saishuushou Part 2,1.0,2019,8.06,https://myanimelist.net/anime/38081/Girls___Panzer__Saishuushou_Part_2
Kamisama Hajimemashita,13.0,2012,8.06,https://myanimelist.net/anime/14713/Kamisama_Hajimemashita
Kill la Kill,24.0,2013,8.06,https://myanimelist.net/anime/18679/Kill_la_Kill
Love Live! Superstar!!,12.0,2021,8.06,https://myanimelist.net/anime/41169/Love_Live_Superstar
Serial Experiments Lain,13.0,1998,8.06,https://myanimelist.net/anime/339/Serial_Experiments_Lain
Shokugeki no Souma: San no Sara,12.0,2017,8.06,https://myanimelist.net/anime/35788/Shokugeki_no_Souma__San_no_Sara
Summer Wars,1.0,2009,8.06,https://myanimelist.net/anime/5681/Summer_Wars
xxxHOLiC Shunmuki,2.0,2009,8.06,https://myanimelist.net/anime/4918/xxxHOLiC_Shunmuki
Yahari Ore no Seishun Love Comedy wa Machigatteiru. Zoku OVA,1.0,2016,8.06,https://myanimelist.net/anime/33161/Yahari_Ore_no_Seishun_Love_Comedy_wa_Machigatteiru_Zoku_OVA
Paprika,1.0,2006,8.05,https://myanimelist.net/anime/1943/Paprika
Saint Seiya: Meiou Hades Juuni Kyuu-hen,13.0,2002,8.05,https://myanimelist.net/anime/1257/Saint_Seiya__Meiou_Hades_Juuni_Kyuu-hen
Saiunkoku Monogatari 2nd Season,39.0,2007,8.05,https://myanimelist.net/anime/1914/Saiunkoku_Monogatari_2nd_Season
Zombieland Saga: Revenge,12.0,2021,8.05,https://myanimelist.net/anime/40174/Zombieland_Saga__Revenge
BanG Dream! 3rd Season,13.0,2020,8.05,https://myanimelist.net/anime/37870/BanG_Dream_3rd_Season
Boku no Hero Academia the Movie 2: Heroes:Rising,1.0,2019,8.05,https://myanimelist.net/anime/39565/Boku_no_Hero_Academia_the_Movie_2__Heroes_Rising
Detective Conan Movie 10: Requiem of the Detectives,1.0,2006,8.05,https://myanimelist.net/anime/1506/Detective_Conan_Movie_10__Requiem_of_the_Detectives
Eve no Jikan,6.0,2008,8.05,https://myanimelist.net/anime/3167/Eve_no_Jikan
Full Metal Panic? Fumoffu,12.0,2003,8.05,https://myanimelist.net/anime/72/Full_Metal_Panic_Fumoffu
Kara no Kyoukai 3: Tsuukaku Zanryuu,1.0,2008,8.05,https://myanimelist.net/anime/3783/Kara_no_Kyoukai_3__Tsuukaku_Zanryuu
Kodomo no Omocha (TV),102.0,1996,8.05,https://myanimelist.net/anime/1486/Kodomo_no_Omocha_TV
Kono Subarashii Sekai ni Shukufuku wo! 2: Kono Subarashii Geijutsu ni Shukufuku wo!,1.0,2017,8.05,https://myanimelist.net/anime/34626/Kono_Subarashii_Sekai_ni_Shukufuku_wo_2__Kono_Subarashii_Geijutsu_ni_Shukufuku_wo
Akatsuki no Yona,24.0,2014,8.04,https://myanimelist.net/anime/25013/Akatsuki_no_Yona
Baby Steps 2nd Season,25.0,2015,8.04,https://myanimelist.net/anime/27663/Baby_Steps_2nd_Season
Ginga Nagareboshi Gin,21.0,1986,8.04,https://myanimelist.net/anime/589/Ginga_Nagareboshi_Gin
Juuni Kokuki,45.0,2002,8.04,https://myanimelist.net/anime/153/Juuni_Kokuki
Kami nomi zo Shiru Sekai: Megami-hen,12.0,2013,8.04,https://myanimelist.net/anime/16706/Kami_nomi_zo_Shiru_Sekai__Megami-hen
Lovely★Complex,24.0,2007,8.04,https://myanimelist.net/anime/2034/Lovely★Complex
Magi: The Labyrinth of Magic,25.0,2012,8.04,https://myanimelist.net/anime/14513/Magi__The_Labyrinth_of_Magic
SK∞,12.0,2021,8.04,https://myanimelist.net/anime/42923/SK∞
Toaru Kagaku no Railgun S,24.0,2013,8.04,https://myanimelist.net/anime/16049/Toaru_Kagaku_no_Railgun_S
Tsumiki no Ie,1.0,2008,8.04,https://myanimelist.net/anime/5365/Tsumiki_no_Ie
Mobile Suit Gundam: Iron-Blooded Orphans,25.0,2015,8.03,https://myanimelist.net/anime/31251/Mobile_Suit_Gundam__Iron-Blooded_Orphans
Nagi no Asu kara,26.0,2013,8.03,https://myanimelist.net/anime/16067/Nagi_no_Asu_kara
Omae Umasou da na,1.0,2010,8.03,https://myanimelist.net/anime/9204/Omae_Umasou_da_na
Tokyo Magnitude 8.0,11.0,2009,8.03,https://myanimelist.net/anime/6211/Tokyo_Magnitude_80
Yahari Ore no Seishun Love Comedy wa Machigatteiru.,13.0,2013,8.03,https://myanimelist.net/anime/14813/Yahari_Ore_no_Seishun_Love_Comedy_wa_Machigatteiru
Black Lagoon,12.0,2006,8.03,https://myanimelist.net/anime/889/Black_Lagoon
Black Lagoon: Roberta's Blood Trail,5.0,2010,8.03,https://myanimelist.net/anime/4901/Black_Lagoon__Robertas_Blood_Trail
Clannad,23.0,2007,8.03,https://myanimelist.net/anime/2167/Clannad
D.Gray-man,103.0,2006,8.03,https://myanimelist.net/anime/1482/DGray-man
Detective Conan Movie 03: The Last Wizard of the Century,1.0,1999,8.03,https://myanimelist.net/anime/781/Detective_Conan_Movie_03__The_Last_Wizard_of_the_Century
Detective Conan Movie 04: Captured in Her Eyes,1.0,2000,8.03,https://myanimelist.net/anime/1363/Detective_Conan_Movie_04__Captured_in_Her_Eyes
Doupo Cangqiong 4th Season,24.0,2021,8.03,https://myanimelist.net/anime/44412/Doupo_Cangqiong_4th_Season
Evangelion: 1.0 You Are (Not) Alone,1.0,2007,8.03,https://myanimelist.net/anime/2759/Evangelion__10_You_Are_Not_Alone
FLCL,6.0,2000,8.03,https://myanimelist.net/anime/227/FLCL
Hachimitsu to Clover,24.0,2005,8.03,https://myanimelist.net/anime/16/Hachimitsu_to_Clover
Kaichou wa Maid-sama!,26.0,2010,8.03,https://myanimelist.net/anime/7054/Kaichou_wa_Maid-sama
Detective Conan Movie 15: Quarter of Silence,1.0,2011,8.02,https://myanimelist.net/anime/9963/Detective_Conan_Movie_15__Quarter_of_Silence
ef: A Tale of Melodies.,12.0,2008,8.02,https://myanimelist.net/anime/4789/ef__A_Tale_of_Melodies
Eve no Jikan (Movie),1.0,2010,8.02,https://myanimelist.net/anime/7465/Eve_no_Jikan_Movie
Fullmetal Alchemist: Brotherhood Specials,4.0,2009,8.02,https://myanimelist.net/anime/6421/Fullmetal_Alchemist__Brotherhood_Specials
Golden Boy,6.0,1995,8.02,https://myanimelist.net/anime/268/Golden_Boy
Kara no Kyoukai Movie: Mirai Fukuin,1.0,2013,8.02,https://myanimelist.net/anime/14807/Kara_no_Kyoukai_Movie__Mirai_Fukuin
Mobile Suit Gundam: The 08th MS Team,12.0,1996,8.02,https://myanimelist.net/anime/81/Mobile_Suit_Gundam__The_08th_MS_Team
Promare,1.0,2019,8.02,https://myanimelist.net/anime/35848/Promare
Slayers Next,26.0,1996,8.02,https://myanimelist.net/anime/535/Slayers_Next
Tate no Yuusha no Nariagari,25.0,2019,8.02,https://myanimelist.net/anime/35790/Tate_no_Yuusha_no_Nariagari
Wolf's Rain OVA,4.0,2004,8.02,https://myanimelist.net/anime/1023/Wolfs_Rain_OVA
Xian Wang de Richang Shenghuo 2,12.0,2021,8.02,https://myanimelist.net/anime/44069/Xian_Wang_de_Richang_Shenghuo_2
Ookiku Furikabutte: Natsu no Taikai-hen,13.0,2010,8.01,https://myanimelist.net/anime/7720/Ookiku_Furikabutte__Natsu_no_Taikai-hen
Persona 3 the Movie 4: Winter of Rebirth,1.0,2016,8.01,https://myanimelist.net/anime/31149/Persona_3_the_Movie_4__Winter_of_Rebirth
Sakasama no Patema,1.0,2013,8.01,https://myanimelist.net/anime/12477/Sakasama_no_Patema
School Rumble Ni Gakki,26.0,2006,8.01,https://myanimelist.net/anime/846/School_Rumble_Ni_Gakki
Shokugeki no Souma: San no Sara - Tootsuki Ressha-hen,12.0,2018,8.01,https://myanimelist.net/anime/36949/Shokugeki_no_Souma__San_no_Sara_-_Tootsuki_Ressha-hen
Touch,101.0,1985,8.01,https://myanimelist.net/anime/1065/Touch
Yuuki Yuuna wa Yuusha de Aru: Washio Sumi no Shou 3 - Yakusoku,1.0,2017,8.01,https://myanimelist.net/anime/34376/Yuuki_Yuuna_wa_Yuusha_de_Aru__Washio_Sumi_no_Shou_3_-_Yakusoku
Aria the OVA: Arietta,1.0,2007,8.01,https://myanimelist.net/anime/2563/Aria_the_OVA__Arietta
Code Geass: Hangyaku no Lelouch III - Oudou,1.0,2018,8.01,https://myanimelist.net/anime/34440/Code_Geass__Hangyaku_no_Lelouch_III_-_Oudou
High Score Girl II,9.0,2019,8.01,https://myanimelist.net/anime/39570/High_Score_Girl_II
High Score Girl: Extra Stage,3.0,2019,8.01,https://myanimelist.net/anime/38422/High_Score_Girl__Extra_Stage
Honzuki no Gekokujou: Shisho ni Naru Tame ni wa Shudan wo Erandeiraremasen,14.0,2019,8.01,https://myanimelist.net/anime/39468/Honzuki_no_Gekokujou__Shisho_ni_Naru_Tame_ni_wa_Shudan_wo_Erandeiraremasen
Kamisama Hajimemashita OVA,2.0,2013,8.01,https://myanimelist.net/anime/18661/Kamisama_Hajimemashita_OVA
Kobayashi-san Chi no Maid Dragon,13.0,2017,8.01,https://myanimelist.net/anime/33206/Kobayashi-san_Chi_no_Maid_Dragon
Koukaku Kidoutai: Stand Alone Complex 2nd GIG - Individual Eleven,1.0,2006,8.01,https://myanimelist.net/anime/2448/Koukaku_Kidoutai__Stand_Alone_Complex_2nd_GIG_-_Individual_Eleven
Maoujou de Oyasumi,12.0,2020,8.01,https://myanimelist.net/anime/40397/Maoujou_de_Oyasumi
Doraemon Movie 31: Shin Nobita to Tetsujin Heidan - Habatake Tenshi-tachi,1.0,2011,8.0,https://myanimelist.net/anime/10534/Doraemon_Movie_31__Shin_Nobita_to_Tetsujin_Heidan_-_Habatake_Tenshi-tachi
Durarara!!x2 Shou,12.0,2015,8.0,https://myanimelist.net/anime/23199/Durararax2_Shou
Hanada Shounen-shi,25.0,2002,8.0,https://myanimelist.net/anime/2004/Hanada_Shounen-shi
Hibike! Euphonium,13.0,2015,8.0,https://myanimelist.net/anime/27989/Hibike_Euphonium
Kakushigoto (TV),12.0,2020,8.0,https://myanimelist.net/anime/40716/Kakushigoto_TV
Kimi ni Todoke,25.0,2009,8.0,https://myanimelist.net/anime/6045/Kimi_ni_Todoke
Kingdom,38.0,2012,8.0,https://myanimelist.net/anime/12031/Kingdom
Koukaku Kidoutai 2.0,1.0,2008,8.0,https://myanimelist.net/anime/4672/Koukaku_Kidoutai_20
Major Movie: Yuujou no Winning Shot,1.0,2008,8.0,https://myanimelist.net/anime/5029/Major_Movie__Yuujou_no_Winning_Shot
ReLIFE,13.0,2016,8.0,https://myanimelist.net/anime/30015/ReLIFE
Uma Musume: Pretty Derby (TV) Season 2,13.0,2021,8.0,https://myanimelist.net/anime/42941/Uma_Musume__Pretty_Derby_TV_Season_2
Wan Sheng Jie 2,12.0,2020,8.0,https://myanimelist.net/anime/42640/Wan_Sheng_Jie_2
Working!!!,13.0,2015,8.0,https://myanimelist.net/anime/25879/Working
xxxHOLiC,24.0,2006,8.0,https://myanimelist.net/anime/861/xxxHOLiC
Rurouni Kenshin: Meiji Kenkaku Romantan - Seisou-hen,2.0,2001,7.99,https://myanimelist.net/anime/401/Rurouni_Kenshin__Meiji_Kenkaku_Romantan_-_Seisou-hen
Tennis no Ouji-sama: Zenkoku Taikai-hen - Final,7.0,2008,7.99,https://myanimelist.net/anime/4053/Tennis_no_Ouji-sama__Zenkoku_Taikai-hen_-_Final
Aria the Origination: Sono Choppiri Himitsu no Basho ni...,1.0,2008,7.99,https://myanimelist.net/anime/4772/Aria_the_Origination__Sono_Choppiri_Himitsu_no_Basho_ni
Boku no Hero Academia,13.0,2016,7.99,https://myanimelist.net/anime/31964/Boku_no_Hero_Academia
Boku no Hero Academia 4th Season,25.0,2019,7.99,https://myanimelist.net/anime/38408/Boku_no_Hero_Academia_4th_Season
Durarara!!x2 Ten,12.0,2015,7.99,https://myanimelist.net/anime/27831/Durararax2_Ten
Hyouge Mono,39.0,2011,7.99,https://myanimelist.net/anime/9996/Hyouge_Mono
Kimi ni Todoke 2nd Season,12.0,2011,7.99,https://myanimelist.net/anime/9656/Kimi_ni_Todoke_2nd_Season
Akagami no Shirayuki-hime 2nd Season,12.0,2016,7.98,https://myanimelist.net/anime/31173/Akagami_no_Shirayuki-hime_2nd_Season
Ginga Eiyuu Densetsu: Die Neue These - Seiran 1,4.0,2019,7.98,https://myanimelist.net/anime/36369/Ginga_Eiyuu_Densetsu__Die_Neue_These_-_Seiran_1
Haibane Renmei,13.0,2002,7.98,https://myanimelist.net/anime/387/Haibane_Renmei
Haikyuu!! Movie 2: Shousha to Haisha,1.0,2015,7.98,https://myanimelist.net/anime/30364/Haikyuu_Movie_2__Shousha_to_Haisha
Kanon (2006),24.0,2006,7.98,https://myanimelist.net/anime/1530/Kanon_2006
Mahou Shoujo Lyrical Nanoha A's,13.0,2005,7.98,https://myanimelist.net/anime/77/Mahou_Shoujo_Lyrical_Nanoha_As
Noragami,12.0,2014,7.98,https://myanimelist.net/anime/20507/Noragami
One Piece Film: Strong World Episode 0,1.0,2010,7.98,https://myanimelist.net/anime/8740/One_Piece_Film__Strong_World_Episode_0
Osomatsu-san,25.0,2015,7.98,https://myanimelist.net/anime/31174/Osomatsu-san
Phantom: Requiem for the Phantom,26.0,2009,7.98,https://myanimelist.net/anime/5682/Phantom__Requiem_for_the_Phantom
Quanzhi Gaoshou 2,12.0,2020,7.98,https://myanimelist.net/anime/37932/Quanzhi_Gaoshou_2
Saint Seiya: The Lost Canvas - Meiou Shinwa,13.0,2009,7.98,https://myanimelist.net/anime/6171/Saint_Seiya__The_Lost_Canvas_-_Meiou_Shinwa
Wan Sheng Jie,12.0,2020,7.98,https://myanimelist.net/anime/41611/Wan_Sheng_Jie
Youjo Senki,12.0,2017,7.98,https://myanimelist.net/anime/32615/Youjo_Senki
Nurarihyon no Mago: Sennen Makyou,24.0,2011,7.97,https://myanimelist.net/anime/10049/Nurarihyon_no_Mago__Sennen_Makyou
Tekkon Kinkreet,1.0,2006,7.97,https://myanimelist.net/anime/2154/Tekkon_Kinkreet
Yuri!!! on Ice: Yuri Plisetsky GPF in Barcelona EX - Welcome to The Madness,1.0,2017,7.97,https://myanimelist.net/anime/35382/Yuri_on_Ice__Yuri_Plisetsky_GPF_in_Barcelona_EX_-_Welcome_to_The_Madness
Azumanga Daioh,26.0,2002,7.97,https://myanimelist.net/anime/66/Azumanga_Daioh
Dragon Ball,153.0,1986,7.97,https://myanimelist.net/anime/223/Dragon_Ball
Hikaru no Go: Hokuto Hai e no Michi,1.0,2004,7.97,https://myanimelist.net/anime/645/Hikaru_no_Go__Hokuto_Hai_e_no_Michi
Hokuto no Ken,109.0,1984,7.97,https://myanimelist.net/anime/967/Hokuto_no_Ken
Kokoro Connect: Michi Random,4.0,2012,7.97,https://myanimelist.net/anime/16001/Kokoro_Connect__Michi_Random
"Clannad: Mou Hitotsu no Sekai, Tomoyo-hen",1.0,2008,7.96,https://myanimelist.net/anime/4059/Clannad__Mou_Hitotsu_no_Sekai_Tomoyo-hen
Fate/kaleid liner Prisma☆Illya Movie: Sekka no Chikai,1.0,2017,7.96,https://myanimelist.net/anime/34100/Fate_kaleid_liner_Prisma☆Illya_Movie__Sekka_no_Chikai
Hanamonogatari,5.0,2014,7.96,https://myanimelist.net/anime/21855/Hanamonogatari
IDOLiSH7 Vibrato,8.0,2018,7.96,https://myanimelist.net/anime/36963/IDOLiSH7_Vibrato
Kindaichi Shounen no Jikenbo,148.0,1997,7.96,https://myanimelist.net/anime/2076/Kindaichi_Shounen_no_Jikenbo
Kobato.,24.0,2009,7.96,https://myanimelist.net/anime/5678/Kobato
